path	class	decision	reason	ruling_ref	origin_path	origin_sha256
.tad/archive/handoffs/HANDOFF-20260427-tad-token-efficiency.md	branch-only	keep	2026-04-27 tad-token-efficiency 链 HANDOFF 唯一副本，盘上无副本、分支是唯一载体（附录 A.1）	.tad/evidence/pm/2026-10-04-evidence-recovery-17items-ruling.md		
.tad/archive/handoffs/COMPLETION-20260427-tad-token-efficiency.md	branch-only	keep	同链 COMPLETION 唯一副本（附录 A.1）	.tad/evidence/pm/2026-10-04-evidence-recovery-17items-ruling.md		
.tad/evidence/reviews/blake/tad-token-efficiency/backend-architect.md	branch-only	keep	同链评审记录唯一副本（附录 A.1）	.tad/evidence/pm/2026-10-04-evidence-recovery-17items-ruling.md		
.tad/evidence/reviews/blake/tad-token-efficiency/backend-architect-blake-impl.md	branch-only	keep	同链评审记录唯一副本（附录 A.1）	.tad/evidence/pm/2026-10-04-evidence-recovery-17items-ruling.md		
.tad/evidence/reviews/blake/tad-token-efficiency/backend-architect-blake-impl-v3.md	branch-only	keep	同链评审记录唯一副本（附录 A.1）	.tad/evidence/pm/2026-10-04-evidence-recovery-17items-ruling.md		
.tad/evidence/reviews/blake/tad-token-efficiency/code-reviewer.md	branch-only	keep	同链评审记录唯一副本（附录 A.1）	.tad/evidence/pm/2026-10-04-evidence-recovery-17items-ruling.md		
.tad/evidence/reviews/blake/tad-token-efficiency/code-reviewer-blake-impl.md	branch-only	keep	同链评审记录唯一副本（附录 A.1）	.tad/evidence/pm/2026-10-04-evidence-recovery-17items-ruling.md		
.tad/evidence/reviews/blake/tad-token-efficiency/code-reviewer-blake-impl-v3.md	branch-only	keep	同链评审记录唯一副本（附录 A.1）	.tad/evidence/pm/2026-10-04-evidence-recovery-17items-ruling.md		
.tad/evidence/acceptance-tests/codex-wiring-stopbleed/ac9-codex-only/.agents/skills/ai-agent-architecture/references/cost-token-economics.md	branch-only	drop	ac9 验收夹具内嵌技能文件副本，非证据本体；原件现行在册（附录 A.2，裁定 2 对照已填）	.tad/evidence/pm/2026-10-04-evidence-recovery-17items-ruling.md	.agents/skills/ai-agent-architecture/references/cost-token-economics.md	ed1fe472e33d3aa83fae871db252fbcf3cc9fedfd14601c61d4bc4b12bca336b
.tad/evidence/acceptance-tests/codex-wiring-stopbleed/ac9-codex-only/.agents/skills/code-security/references/secret-detection-rules.md	branch-only	drop	ac9 验收夹具内嵌技能文件副本，非证据本体；原件现行在册（附录 A.2，裁定 2 对照已填）	.tad/evidence/pm/2026-10-04-evidence-recovery-17items-ruling.md	.agents/skills/code-security/references/secret-detection-rules.md	ea6ff94b3e1e89297d97b35cfab1b83b9737c97ce7af72d191d33507f4cb37c6
.tad/evidence/acceptance-tests/codex-wiring-stopbleed/ac9-codex-only/.agents/skills/web-frontend/examples/design-token-consumption.md	branch-only	drop	ac9 验收夹具内嵌技能文件副本，非证据本体；原件现行在册（附录 A.2，裁定 2 对照已填）	.tad/evidence/pm/2026-10-04-evidence-recovery-17items-ruling.md	.agents/skills/web-frontend/examples/design-token-consumption.md	4a2e158b7ad655677879ff5a40d5540995be9bc54e4a069e3e5188033f80e728
.tad/evidence/acceptance-tests/codex-wiring-stopbleed/ac9-codex-only/.agents/skills/web-frontend/references/design-tokens.md	branch-only	drop	ac9 验收夹具内嵌技能文件副本，非证据本体；原件现行在册（附录 A.2，裁定 2 对照已填）	.tad/evidence/pm/2026-10-04-evidence-recovery-17items-ruling.md	.agents/skills/web-frontend/references/design-tokens.md	8c69bb9f1adb1fb790363b5f8544394684f6fa4c148cb9f16624c986de56f25a
.tad/evidence/acceptance-tests/codex-wiring-stopbleed/ac9-codex-only/.agents/skills/web-ui-design/examples/starter-tokens.json	branch-only	drop	ac9 验收夹具内嵌技能文件副本，非证据本体；原件现行在册（附录 A.2，裁定 2 对照已填）	.tad/evidence/pm/2026-10-04-evidence-recovery-17items-ruling.md	.agents/skills/web-ui-design/examples/starter-tokens.json	a015bd3a08313b3b7ddba1e10134849387d9ceebe5faab813cd1ca78b2f66bb0
.tad/evidence/acceptance-tests/codex-wiring-stopbleed/ac9-codex-only/.agents/skills/web-ui-design/references/brand-tokens.md	branch-only	drop	ac9 验收夹具内嵌技能文件副本，非证据本体；原件现行在册（附录 A.2，裁定 2 对照已填）	.tad/evidence/pm/2026-10-04-evidence-recovery-17items-ruling.md	.agents/skills/web-ui-design/references/brand-tokens.md	827d7fc989c64a97397a08fb2a53b76b78531e562d8c0745d5f3fb888661b15c
.tad/evidence/acceptance-tests/codex-wiring-stopbleed/ac9-codex-only/.agents/skills/web-ui-design/tools/tokens-to-css.sh	branch-only	drop	ac9 验收夹具内嵌技能脚本副本，非证据本体；原件现行在册（附录 A.2，裁定 2 对照已填）	.tad/evidence/pm/2026-10-04-evidence-recovery-17items-ruling.md	.agents/skills/web-ui-design/tools/tokens-to-css.sh	20315bc8899292428e4e1428c044279343f3cb0a8de4593c305c0b34336ee0d6
.tad/evidence/yolo/yolo2-verified-orchestration/phase3/fixtures/termination-secret-isolation.json	branch-only	keep	yolo 链试验夹具本体；只读核查已完成、无真实凭据迹象，附条件销清（附录 A.3；备案件 .tad/evidence/pm/2026-10-04-termination-secret-isolation-check.md）	.tad/evidence/pm/2026-10-04-evidence-recovery-17items-ruling.md		
.tad/evidence/acceptance-tests/codex-knowledge-ingress/spike-work	gitlink	keep	gitlink 指针本身即 spike 试验记录，保留指针；同步与看守全程不跟随、不检出、不删除（附录 A.4）	.tad/evidence/pm/2026-10-04-evidence-recovery-17items-ruling.md		
