Colin声音项目	missing		missing-project
Next Guest	reachable	.tad/active/handoffs/HANDOFF-20260715-ocr-vertex-baa-migration.md	pending
Sober Creator	reachable	.tad/active/handoffs/HANDOFF-20260723-deep-digestion-batch1.md	pending
menu-snap	reachable	.tad/active/handoffs/HANDOFF-20260527-enrichment-server-reliability-phase3a.md	pending
menu-snap	reachable	.tad/active/handoffs/HANDOFF-20260527-enrichment-trace-phase1.md	pending
menu-snap	reachable	.tad/active/handoffs/HANDOFF-20260531-wechat-port-phase0-scaffold.md	pending
menu-snap	reachable	.tad/active/handoffs/HANDOFF-20260531-wechat-port-phase1-scan.md	pending
menu-snap	reachable	.tad/active/handoffs/HANDOFF-20260531-wechat-port-phase2-enrich-detail.md	pending
menu-snap	reachable	.tad/active/handoffs/HANDOFF-20260531-wechat-port-phase3-anthony-chat.md	pending
menu-snap	reachable	.tad/active/handoffs/HANDOFF-20260531-wechat-port-phase4-prefs-order-settings.md	pending
menu-snap	reachable	.tad/active/handoffs/HANDOFF-20260606-caching-enrich-phase22.md	pending
menu-snap	reachable	.tad/active/handoffs/HANDOFF-20260613-safety-eval-trustworthy-gate-phase1.md	pending
menu-snap	reachable	.tad/active/handoffs/HANDOFF-20260614-allergen-dairy-inference-phase2b.md	pending
my-openclaw-agents	reachable	.tad/active/handoffs/HANDOFF-20260705-ntc-fleet-sweep.md	pending
my-openclaw-agents	reachable	.tad/active/handoffs/HANDOFF-20260705-rss-web-security.md	pending
my-openclaw-agents	reachable	.tad/active/handoffs/HANDOFF-20260705-small-fixes.md	pending
my-openclaw-agents	reachable	.tad/active/handoffs/HANDOFF-20260705-surplus-burn-mode-phase2.md	pending
my-openclaw-agents	reachable	.tad/active/handoffs/HANDOFF-20260705-tc-agents-dedup.md	pending
my-openclaw-agents	reachable	.tad/active/handoffs/HANDOFF-20260716-bugfix-ec-data-identity-split.md	pending
toy	reachable	.tad/active/handoffs/HANDOFF-20260504-bugfix-start-turn-deferred-drop.md	pending
toy	reachable	.tad/active/handoffs/HANDOFF-20260504-dyadic-catalyst-redesign.md	pending
toy	reachable	.tad/active/handoffs/HANDOFF-20260504-loop-switch-wake-word.md	pending
toy	reachable	.tad/active/handoffs/HANDOFF-20260504-mode-switch-architecture-simplify.md	pending
toy	reachable	.tad/active/handoffs/HANDOFF-20260505-bugfix-circle-debounce.md	pending
toy	reachable	.tad/active/handoffs/HANDOFF-20260505-bugfix-connection-burst-grace.md	pending
toy	reachable	.tad/active/handoffs/HANDOFF-20260505-circle-fix-and-doubao-switch.md	pending
toy	reachable	.tad/active/handoffs/HANDOFF-20260505-doubao-conversational-routing.md	pending
toy	reachable	.tad/active/handoffs/HANDOFF-20260505-doubao-sdk-integration.md	pending
toy	reachable	.tad/active/handoffs/HANDOFF-20260505-doubao-session-reuse-and-voice-gate.md	pending
toy	reachable	.tad/active/handoffs/HANDOFF-20260505-exhibition-emergency-restore.md	pending
toy	reachable	.tad/active/handoffs/HANDOFF-20260506-doubao-singing-mode.md	pending
toy	reachable	.tad/active/handoffs/HANDOFF-20260506-hello-loop-activation.md	pending
toy	reachable	.tad/active/handoffs/HANDOFF-20260507-touch-wake-from-idle.md	pending
买卖	reachable	.tad/active/handoffs/HANDOFF-20260531-phase1-opportunity-discovery.md	pending
买卖	reachable	.tad/active/handoffs/HANDOFF-20260611-case-library-v4.md	pending
合规ai	reachable	.tad/active/handoffs/HANDOFF-20260514-complipilot-v2-phase1a.md	pending
合规ai	reachable	.tad/active/handoffs/HANDOFF-20260515-complipilot-v2-phase1b.md	pending
合规ai	reachable	.tad/active/handoffs/HANDOFF-20260515-complipilot-v2-phase2.md	pending
运动打卡小助手	missing		missing-project
